{"cameraMode":{"drawMode":0,"name":"Shaded","section":"Shading Mode"},"sceneLighting":false,"audioPlay":false,"sceneViewState":{"m_AlwaysRefresh":true,"showFog":false,"showSkybox":false,"showFlares":true,"showImageEffects":true,"showParticleSystems":true,"showVisualEffectGraphs":true,"m_FxEnabled":true},"in2DMode":false,"pivot":{"x":20.264387130737306,"y":0.2797837257385254,"z":-3.7416601181030275},"rotation":{"x":0.10493746399879456,"y":0.2774680256843567,"z":-0.030504778027534486,"w":0.9544994831085205},"size":3.393521547317505,"orthographic":false}